[
  {
    "Id": 1,
    "IdentityNumber": null,
    "Author": "Lior Shlein",
    "Name": "Consfiracy of",
    "NumberOfPages": 0,
    "NumberOfCopies": 2,
    "NumberOfBorrowedOut": 0,
    "DatePublished": "2009-05-17T00:00:00"
  },
  {
    "Id": 8567,
    "IdentityNumber": null,
    "Author": "Yogev Poren",
    "Name": "Ginues",
    "NumberOfPages": 0,
    "NumberOfCopies": 2,
    "NumberOfBorrowedOut": 0,
    "DatePublished": "2003-03-27T00:00:00"
  },
  {
    "Id": 56,
    "IdentityNumber": null,
    "Author": "Arthur Conan Doyle",
    "Name": "Poo Hadov",
    "NumberOfPages": 0,
    "NumberOfCopies": 2,
    "NumberOfBorrowedOut": 0,
    "DatePublished": "1887-04-20T00:00:00"
  },
  {
    "Id": 2,
    "IdentityNumber": null,
    "Author": "Oda",
    "Name": "One Piece",
    "NumberOfPages": 0,
    "NumberOfCopies": 2,
    "NumberOfBorrowedOut": 0,
    "DatePublished": "2008-03-24T00:00:00"
  },
  {
    "Id": 7101,
    "IdentityNumber": null,
    "Author": "Lev Tolstoy",
    "Name": "War and Pease",
    "NumberOfPages": 780,
    "NumberOfCopies": 2,
    "NumberOfBorrowedOut": 0,
    "DatePublished": "1962-05-17T00:00:00"
  },
  {
    "Id": 7102,
    "IdentityNumber": null,
    "Author": "O\u0027Henry",
    "Name": "Novells",
    "NumberOfPages": 360,
    "NumberOfCopies": 2,
    "NumberOfBorrowedOut": 0,
    "DatePublished": "1932-12-17T00:00:00"
  },
  {
    "Id": 7103,
    "IdentityNumber": null,
    "Author": "Arthur Heily",
    "Name": "Hotel",
    "NumberOfPages": 260,
    "NumberOfCopies": 3,
    "NumberOfBorrowedOut": 0,
    "DatePublished": "1999-11-17T00:00:00"
  },
  {
    "Id": 1,
    "IdentityNumber": null,
    "Author": "Marcel Proust",
    "Name": "In Search of Lost Time",
    "NumberOfPages": 525,
    "NumberOfCopies": 2,
    "NumberOfBorrowedOut": 3,
    "DatePublished": "2009-05-17T00:00:00"
  },
  {
    "Id": 2,
    "IdentityNumber": null,
    "Author": "Miguel de Cervantes",
    "Name": "Miguel de Cervantes",
    "NumberOfPages": 400,
    "NumberOfCopies": 2,
    "NumberOfBorrowedOut": 2,
    "DatePublished": "1605-03-02T00:00:00"
  },
  {
    "Id": 3,
    "IdentityNumber": null,
    "Author": "Gabriel Garcia Marquez",
    "Name": "One Hundred Years of Solitude",
    "NumberOfPages": 321,
    "NumberOfCopies": 2,
    "NumberOfBorrowedOut": 5,
    "DatePublished": "2013-07-05T00:00:00"
  },
  {
    "Id": 4,
    "IdentityNumber": null,
    "Author": "Leo Tolstoy",
    "Name": "War and Peace",
    "NumberOfPages": 900,
    "NumberOfCopies": 2,
    "NumberOfBorrowedOut": 15,
    "DatePublished": "1980-05-15T00:00:00"
  },
  {
    "Id": 5,
    "IdentityNumber": null,
    "Author": "Fyodor Dostoyevsky",
    "Name": "Crime and Punishment",
    "NumberOfPages": 276,
    "NumberOfCopies": 2,
    "NumberOfBorrowedOut": 6,
    "DatePublished": "1993-05-17T00:00:00"
  },
  {
    "Id": 987,
    "IdentityNumber": null,
    "Author": "Mozes",
    "Name": "Efshar Gam Bly Qavier",
    "NumberOfPages": 321,
    "NumberOfCopies": 10,
    "NumberOfBorrowedOut": 7,
    "DatePublished": "1947-02-01T00:00:00"
  },
  {
    "Id": 964,
    "IdentityNumber": null,
    "Author": "Ariel Naim",
    "Name": "My First Book",
    "NumberOfPages": 543,
    "NumberOfCopies": 29,
    "NumberOfBorrowedOut": 27,
    "DatePublished": "2007-05-24T00:00:00"
  },
  {
    "Id": 864,
    "IdentityNumber": null,
    "Author": "Haim Mosh",
    "Name": "Ein li Shem Amiti",
    "NumberOfPages": 111,
    "NumberOfCopies": 7,
    "NumberOfBorrowedOut": 0,
    "DatePublished": "1985-11-11T00:00:00"
  },
  {
    "Id": 653,
    "IdentityNumber": null,
    "Author": "Gady Halper",
    "Name": "My New Car",
    "NumberOfPages": 444,
    "NumberOfCopies": 17,
    "NumberOfBorrowedOut": 13,
    "DatePublished": "2021-10-21T00:00:00"
  },
  {
    "Id": 3131,
    "IdentityNumber": "123214",
    "Author": "Masashi Kishimoto",
    "Name": "Naruto",
    "NumberOfPages": 1500,
    "NumberOfCopies": 2000,
    "NumberOfBorrowedOut": 0,
    "DatePublished": "2021-11-07T22:59:21.9255819+02:00"
  },
  {
    "Id": 316,
    "IdentityNumber": "1002",
    "Author": "Masashi Kishimoto",
    "Name": "Boruto",
    "NumberOfPages": 1500,
    "NumberOfCopies": 2000,
    "NumberOfBorrowedOut": 0,
    "DatePublished": "2021-11-07T22:59:21.9255819+02:00"
  }
]