[{"Id":"72cca579-00e7-40ad-82d4-de4dcbdb5900","BorowingDate":"2021-11-15T20:24:57.1324479+02:00","DueReturningDate":"2021-11-29T20:24:57.1324479+02:00","ReturningDate":"0001-01-01T00:00:00","BookId":0,"Book":{"Id":316,"IdentityNumber":"1002","Author":"Masashi Kishimoto","Name":"Boruto","NumberOfPages":1500,"NumberOfCopies":2000,"NumberOfBorrowedOut":0,"DatePublished":"2021-11-07T22:59:21.9255819+02:00"},"ClientId":0,"Client":{"Id":85262,"IdentityNumber":"12","FirstName":"lior","LastName":"Ben Yehuda","FullName":"lior Ben Yehuda","Email":"lior@gmail.com","PhoneNumber":"052345678"}}]