[
  {
    "Id": 1,
    "IdentityNumber": "00000000-0000-0000-0000-000000000000",
    "FirstName": "Orian",
    "LastName": "Markovitz",
    "FullName": "Orian Markovitz",
    "Email": null,
    "PhoneNumber": "054-6589874"
  },
  {
    "Id": 2,
    "IdentityNumber": "00000000-0000-0000-0000-000000000000",
    "FirstName": "Mark",
    "LastName": "Tzukerberg",
    "FullName": "Mark Tzukerberg",
    "Email": null,
    "PhoneNumber": "054-6589874"
  },
  {
    "Id": 1,
    "IdentityNumber": "00000000-0000-0000-0000-000000000000",
    "FirstName": "Stive",
    "LastName": "Jhones",
    "FullName": "Stive Jhones",
    "Email": null,
    "PhoneNumber": "054-6589874"
  },
  {
    "Id": 1,
    "IdentityNumber": "00000000-0000-0000-0000-000000000000",
    "FirstName": "Jeff",
    "LastName": "Bassos",
    "FullName": "Jeff Bassos",
    "Email": null,
    "PhoneNumber": "054-6589874"
  },
  {
    "Id": 2090,
    "IdentityNumber": "2802",
    "FirstName": "ori",
    "LastName": "tiko",
    "FullName": "ori tiko",
    "Email": "awfwaf@gmail.com",
    "PhoneNumber": "0503244669"
  },
  {
    "Id": 23421,
    "IdentityNumber": "345634",
    "FirstName": "or",
    "LastName": "ganon",
    "FullName": "or ganon",
    "Email": "orga@gmail.com",
    "PhoneNumber": "321413415"
  }
] 
 